name,id,team_abb,team_id,batting_average,on_base_percentage,slugging,appearances,plate_appearances,at_bats,hits,walks,singles,doubles,triples,quadruples,home_runs,runs_batted_in,strikeouts,sacrifice_bunts,sacrifice_flies,at_bats_risp,hits_risp,batting_average_risp,on_base_slugging,total_bases,hit_by_pitches,ground_outs,flyouts,gidp,stolen_bases,caught_stealing,runs
Simon Haley,020ed630-8bae-4441-95cc-0e4ecc27253b,CHST,bfd38797-8404-4b38-8b82-341da28b1f83,0.198,0.261,0.469,99,406,373,74,32,40,14,5,0,15,41,129,1,0,74,13,0.176,0.73,175,0,122,37,0,20,3,38
Bennett Browning,03097200-0d48-4236-a3d2-8bdb153aa8f7,CHST,bfd38797-8404-4b38-8b82-341da28b1f83,1.0,1.0,1.0,1,1,1,1,0,1,0,0,0,0,0,0,0,0,0,0,,2.0,1,0,0,0,0,0,0,0
Halexandrey Walton,03b80a57-77ea-4913-9be4-7a85c3594745,TACO,878c1bf6-0d21-4659-bfee-916c8314d69c,0.263,0.316,0.576,99,571,528,139,41,81,20,10,0,28,66,75,1,0,70,23,0.329,0.892,304,0,147,157,1,2,4,76
Glabe Moon,04931546-1b4a-469f-b391-7ed67afe824c,BOS,3f8bbb15-61c0-4e3f-8e4a-907a5fb1565e,0.226,0.248,0.58,99,290,274,62,10,24,11,5,0,22,43,51,6,0,40,8,0.2,0.828,159,0,107,43,2,14,0,47
Stevenson Monstera,05bd08d5-7d9f-450b-abfa-1788b8ee8b91,CHST,bfd38797-8404-4b38-8b82-341da28b1f83,0.0,0.0,0.0,1,1,1,0,0,0,0,0,0,0,0,0,0,0,0,0,,0.0,0,0,1,0,0,0,0,0
Morrow Wilson,06ced607-7f96-41e7-a8cd-b501d11d1a7e,SPY,9debc64f-74b7-4ae1-a4d6-fce0144b6ea5,0.111,0.16,0.22,99,421,396,44,23,34,5,0,0,5,11,264,0,0,69,9,0.13,0.38,87,0,57,17,2,3,2,24
Jessica Telephone,083d09d4-7ed3-4100-b021-8fbe30dd43e8,KCBM,adc5b394-8f76-416d-9ce9-813706877b84,0.312,0.338,0.782,99,311,298,93,12,36,16,11,0,30,64,43,1,0,45,17,0.378,1.12,233,0,104,47,0,13,2,61
Don Elliott,0cc5bd39-e90d-42f9-9dd8-7e703f316436,DALE,b63be8c2-576a-4d6e-8daf-814f8bcea96f,0.198,0.255,0.435,99,400,368,73,29,46,11,1,0,15,31,121,3,0,57,7,0.123,0.69,160,0,105,60,1,4,2,38
Caleb Novak,0eddd056-9d72-4804-bd60-53144b785d5c,DALE,b63be8c2-576a-4d6e-8daf-814f8bcea96f,0.242,0.295,0.525,99,386,356,86,28,49,15,8,0,14,35,108,2,0,65,16,0.246,0.82,187,0,97,37,2,17,6,50
Helga Moreno,0eea4a48-c84b-4538-97e7-3303671934d2,LVRS,b72f3061-f573-40d7-832a-5ad475bd7909,0.225,0.283,0.514,98,360,329,74,28,40,9,17,0,8,34,80,3,0,55,14,0.255,0.797,169,0,98,69,2,16,4,22
Tamara Crankit,0f61d948-4f0c-4550-8410-ae1c7f9f5613,JAZZ,a37f9158-7f82-46bc-908c-c9e2dda7c33b,0.234,0.265,0.417,99,458,432,101,20,66,22,2,0,11,39,85,5,0,59,21,0.356,0.682,180,0,181,52,1,1,1,45
Allison Abbott,1068f44b-34a0-42d8-a92e-2be748681a6f,STK,b024e975-1c4a-4575-8936-a3754a08806a,0.221,0.251,0.493,99,351,335,74,14,33,15,16,0,10,33,99,2,0,44,12,0.273,0.744,165,0,108,46,1,4,1,41
Don Mitchell,11de4da3-8208-43ff-a1ff-0b3480a0fbf1,LVRS,b72f3061-f573-40d7-832a-5ad475bd7909,0.248,0.313,0.592,99,467,424,105,41,53,20,11,0,21,53,59,1,0,68,22,0.324,0.905,251,0,119,132,2,64,2,67
Jasmine Washington,12577256-bc4e-4955-81d6-b422d895fb12,DALE,b63be8c2-576a-4d6e-8daf-814f8bcea96f,0.203,0.265,0.481,99,321,295,60,25,32,12,3,0,13,37,75,1,0,57,12,0.211,0.746,142,0,85,60,1,3,1,42
Sigmund Castillo,126fb128-7c53-45b5-ac2b-5dbf9943d71b,HELL,f02aeae2-5e6a-4098-9842-02d2273f25c7,0.21,0.264,0.446,97,475,439,92,33,59,12,4,0,17,52,95,2,0,92,23,0.25,0.71,196,0,161,81,1,33,1,60
Malik Destiny,1301ee81-406e-43d9-b2bb-55ca6e0f7765,SEA,105bc3ff-1320-4e37-8ef0-8d595cb95dd0,0.219,0.278,0.503,99,406,374,82,31,46,13,7,0,16,45,81,1,0,71,18,0.254,0.781,188,0,134,59,2,3,0,43
Spears Taylor,13a05157-6172-4431-947b-a058217b4aa5,FRI,979aee4a-6d80-4863-bf1c-ee1a78e06024,0.201,0.262,0.414,99,436,394,79,35,51,12,11,0,5,30,118,6,0,80,17,0.213,0.676,163,0,134,54,0,6,4,31
Sebastian Telephone,14d88771-7a96-48aa-ba59-07bae1733e96,CHST,bfd38797-8404-4b38-8b82-341da28b1f83,0.0,0.0,0.0,1,1,1,0,0,0,0,0,0,0,0,1,0,0,0,0,,0.0,0,0,0,0,0,0,0,0
Mickey Woods,15ae64cd-f698-4b00-9d61-c9fffd037ae2,CHST,bfd38797-8404-4b38-8b82-341da28b1f83,0.0,0.0,0.0,1,1,1,0,0,0,0,0,0,0,0,0,0,0,0,0,,0.0,0,0,0,0,0,0,0,0
Sebastian Woodman,15d3a844-df6b-4193-a8f5-9ab129312d8d,CHST,bfd38797-8404-4b38-8b82-341da28b1f83,0.185,0.282,0.4,99,380,330,61,46,47,8,1,0,5,23,133,4,0,55,7,0.127,0.682,132,0,73,57,1,16,1,30
Jacob Winner,167751d5-210c-4a6e-9568-e92d61bab185,FRI,979aee4a-6d80-4863-bf1c-ee1a78e06024,0.205,0.247,0.502,99,466,438,90,25,44,15,3,0,28,67,100,3,0,65,19,0.292,0.749,220,0,119,108,2,15,3,53
Washer Barajas,17392be2-7344-48a0-b4db-8a040a7fb532,YELL,7966eb04-efcc-499b-8f03-d13916330531,0.275,0.318,0.487,99,450,415,114,29,87,10,2,0,15,42,60,6,0,53,18,0.34,0.805,202,0,167,62,0,4,1,56
Cory Ross,17397256-c28c-4cad-85f2-a21768c66e67,STK,b024e975-1c4a-4575-8936-a3754a08806a,0.176,0.243,0.399,97,329,301,53,27,34,6,5,0,8,25,106,1,0,51,8,0.157,0.642,120,0,95,36,2,14,1,42
Steph Weeks,18f45a1b-76eb-4b59-a275-c64cf62afce0,JAZZ,a37f9158-7f82-46bc-908c-c9e2dda7c33b,0.284,0.292,0.525,99,424,408,116,8,64,29,8,0,15,64,76,8,0,84,24,0.286,0.817,214,0,149,46,2,17,3,54
Nerd Pacheco,190a0f31-d686-4ac4-a7f3-cfc87b72c145,HELL,f02aeae2-5e6a-4098-9842-02d2273f25c7,0.264,0.299,0.533,56,244,227,60,13,36,8,8,0,8,26,21,4,0,32,7,0.219,0.832,121,0,86,49,0,22,1,27
Ayanna Dumpington,19241aa4-38e3-45ed-9750-68f4401f80e1,LIFT,c73b705c-40ad-4633-a6ed-d357ee2e2bcf,0.222,0.252,0.484,99,329,316,70,13,39,8,7,0,16,30,76,0,0,41,9,0.22,0.736,153,0,130,26,1,17,1,41
Ren Hunter,198fd9c8-cb75-482d-873e-e6b91d42a446,NYM,36569151-a2fb-43c1-9df7-2df512424c82,0.246,0.266,0.558,99,391,378,93,11,47,10,11,0,25,50,88,2,0,61,13,0.213,0.824,211,0,127,54,2,10,1,54
Juan Rangel,1ba715f2-caa3-44c0-9118-b045ea702a34,CHST,bfd38797-8404-4b38-8b82-341da28b1f83,0.0,0.0,0.0,1,1,1,0,0,0,0,0,0,0,0,0,0,0,0,0,,0.0,0,0,0,1,0,0,0,0
Sparks Beans,1c73f91e-0562-480d-9543-2aab1d5e5acd,SEA,105bc3ff-1320-4e37-8ef0-8d595cb95dd0,0.253,0.296,0.479,99,355,332,84,21,57,12,3,0,12,45,62,2,0,64,19,0.297,0.775,159,0,112,53,3,19,2,34
Fletcher Yamamoto,1e8b09bd-fbdd-444e-bd7e-10326bd57156,FRI,979aee4a-6d80-4863-bf1c-ee1a78e06024,0.185,0.241,0.37,31,145,135,25,10,18,3,0,0,4,10,47,0,0,26,6,0.231,0.611,50,0,35,24,1,1,1,35
Fletcher Yamamoto,1e8b09bd-fbdd-444e-bd7e-10326bd57156,FRI,979aee4a-6d80-4863-bf1c-ee1a78e06024,0.167,0.199,0.306,69,231,222,37,9,22,11,1,0,3,9,79,0,0,31,5,0.161,0.505,68,0,60,36,2,1,1,35
NaN,1f159bab-923a-4811-b6fa-02bfde50925a,FRI,979aee4a-6d80-4863-bf1c-ee1a78e06024,0.176,0.247,0.435,20,93,85,15,8,8,3,1,0,3,7,33,0,0,13,2,0.154,0.682,37,0,17,19,0,2,2,32
NaN,1f159bab-923a-4811-b6fa-02bfde50925a,FRI,979aee4a-6d80-4863-bf1c-ee1a78e06024,0.117,0.202,0.33,31,104,94,11,10,7,1,0,0,3,8,32,0,0,19,1,0.053,0.532,31,0,31,13,1,2,2,32
NaN,1f159bab-923a-4811-b6fa-02bfde50925a,FRI,979aee4a-6d80-4863-bf1c-ee1a78e06024,0.146,0.185,0.278,49,168,158,23,8,16,4,0,0,3,10,53,2,0,29,5,0.172,0.463,44,0,52,25,1,2,2,32
Socks Maybe,20c529b3-947e-4a77-b56f-69fe25fb3717,CHI,ca3f1c8c-c025-4d8e-8eef-5be6accbeb16,0.175,0.205,0.302,99,331,315,55,13,38,11,2,0,4,20,125,3,0,69,10,0.145,0.507,95,0,102,24,1,6,0,27
Lou Roseheart,20e13b56-599b-4a22-b752-8059effc81dc,CHI,ca3f1c8c-c025-4d8e-8eef-5be6accbeb16,0.292,0.327,0.606,99,333,312,91,18,47,19,14,0,11,42,54,3,0,57,14,0.246,0.933,189,0,123,30,0,20,1,40
Hotbox Sato,2175cda0-a427-40fd-b497-347edcc1cd61,CHST,bfd38797-8404-4b38-8b82-341da28b1f83,0.175,0.248,0.342,99,435,395,69,39,55,6,3,0,5,20,168,1,0,51,11,0.216,0.59,135,0,72,81,0,2,2,18
Juice Collins,21cbbfaa-100e-48c5-9cea-7118b0d08a34,FRI,979aee4a-6d80-4863-bf1c-ee1a78e06024,0.233,0.274,0.409,99,459,430,100,25,67,23,2,0,8,42,86,2,0,62,20,0.323,0.683,176,0,169,44,2,22,2,54
Antonio Wallace,248ccf3d-d5f6-4b69-83d9-40230ca909cd,CHST,bfd38797-8404-4b38-8b82-341da28b1f83,0.0,0.0,0.0,1,1,1,0,0,0,0,0,0,0,0,0,0,0,0,0,,0.0,0,0,1,0,0,0,0,0
Beasley Day,26cfccf2-850e-43eb-b085-ff73ad0749b8,PIES,23e4cbc1-e9cd-47fa-a35b-bfa06f726cb7,0.219,0.268,0.423,90,508,471,103,33,78,2,8,0,15,48,133,4,0,84,19,0.226,0.691,199,0,116,94,2,8,3,62
Basilio Mason,27c68d7f-5e40-4afa-8b6f-9df47b79e7dd,TACO,878c1bf6-0d21-4659-bfee-916c8314d69c,0.216,0.251,0.43,99,509,481,104,24,61,20,10,0,13,48,111,4,0,86,17,0.198,0.681,207,0,119,122,5,16,1,61
Son Scotch,285ce77d-e5cd-4daa-9784-801347140d48,SPY,9debc64f-74b7-4ae1-a4d6-fce0144b6ea5,0.24,0.293,0.51,99,443,412,99,31,64,10,5,0,20,46,71,0,0,79,20,0.253,0.803,210,0,156,73,3,4,0,43
Inez Owens,28964497-0efe-420c-9c1d-8574f224a4e9,BOS,3f8bbb15-61c0-4e3f-8e4a-907a5fb1565e,0.244,0.273,0.45,99,373,349,85,17,55,16,3,0,11,38,67,7,0,37,13,0.351,0.723,157,0,109,76,0,6,2,58
Forrest Bookbaby,2ae8cbfc-2155-4647-9996-3f2591091baf,CHST,bfd38797-8404-4b38-8b82-341da28b1f83,0.0,0.0,0.0,1,1,1,0,0,0,0,0,0,0,0,0,0,0,0,0,,0.0,0,0,1,0,0,0,0,0
Ortiz Lopez,2b157c5c-9a6a-45a6-858f-bf4cf4cbc0bd,LVRS,b72f3061-f573-40d7-832a-5ad475bd7909,0.207,0.274,0.47,99,376,338,70,33,45,8,3,0,14,48,81,5,0,55,18,0.327,0.744,159,0,101,66,5,4,2,31
Isaac Rubberman,2b1cb8a2-9eba-4fce-85cf-5d997ec45714,CHST,bfd38797-8404-4b38-8b82-341da28b1f83,0.0,0.0,0.0,1,1,1,0,0,0,0,0,0,0,0,0,0,0,0,0,,0.0,0,0,1,0,0,0,0,0
Dudley Mueller,2b5f5dd7-e31f-4829-bec5-546652103bc0,HELL,f02aeae2-5e6a-4098-9842-02d2273f25c7,0.372,0.414,0.825,99,504,462,172,36,87,35,12,0,38,120,55,5,0,98,40,0.408,1.239,381,0,86,132,2,24,7,98
Lawrence Horne,2b9f9c25-43ec-4f0b-9937-a5aa23be0d9e,CDMX,57ec08cc-0411-4643-b304-0e80dbc15ac7,0.197,0.252,0.511,99,377,350,69,26,36,5,5,0,23,45,81,1,0,53,15,0.283,0.763,179,0,136,43,0,4,3,43
Murray Pony,2ca0c790-e1d5-4a14-ab3c-e9241c87fc23,CHST,bfd38797-8404-4b38-8b82-341da28b1f83,0.0,0.0,0.0,1,1,1,0,0,0,0,0,0,0,0,0,0,0,0,0,,0.0,0,0,1,0,0,0,0,0
Vito Kravitz,2e13249e-38ff-46a2-a55e-d15fa692468a,TACO,878c1bf6-0d21-4659-bfee-916c8314d69c,0.206,0.245,0.521,99,489,457,94,26,37,21,11,0,25,65,100,6,0,82,15,0.183,0.766,238,0,213,25,1,3,4,61
Raúl Leal,2e6d4fa9-f930-47bd-971a-dd54a3cf7db1,DALE,b63be8c2-576a-4d6e-8daf-814f8bcea96f,0.217,0.269,0.453,96,379,351,76,26,47,14,2,0,13,32,102,2,0,65,18,0.277,0.722,159,0,112,44,2,4,1,35
Zion Aliciakeyes,2e86de11-a2dd-4b28-b5fe-f4d0c38cd20b,TGRS,747b8e4a-7e50-4638-a973-ea7950a3e739,0.244,0.342,0.609,91,395,340,83,52,46,11,17,0,9,40,70,3,0,58,20,0.345,0.951,207,0,136,34,1,13,3,66
Elijah Valenzuela,2f3d7bc7-6ffb-40c3-a94f-5e626be413c9,JAZZ,a37f9158-7f82-46bc-908c-c9e2dda7c33b,0.249,0.322,0.534,99,413,365,91,42,62,6,13,0,10,48,87,6,0,77,22,0.286,0.856,195,0,149,20,1,5,1,46
Bonk Jokes,2ffbaec8-a646-4435-a17a-3a0a2b5f3e16,YELL,7966eb04-efcc-499b-8f03-d13916330531,0.295,0.36,0.665,99,414,373,110,39,68,11,5,0,26,72,49,2,0,65,27,0.415,1.025,248,0,119,71,0,7,3,50
Jorge Ito,3064c7d6-91cc-4c2a-a433-1ce1aabc1ad4,CHST,bfd38797-8404-4b38-8b82-341da28b1f83,0.0,0.0,0.0,1,1,1,0,0,0,0,0,0,0,0,0,0,0,0,0,,0.0,0,0,1,0,0,0,0,0
Math Velazquez,32551e28-3a40-47ae-aed1-ff5bc66be879,SPY,9debc64f-74b7-4ae1-a4d6-fce0144b6ea5,0.256,0.305,0.616,99,436,406,104,29,53,17,2,0,32,64,55,1,0,57,20,0.351,0.921,250,0,163,58,1,39,5,62
Eduardo Woodman,32810dca-825c-4dbc-8b65-0702794c424e,PIES,23e4cbc1-e9cd-47fa-a35b-bfa06f726cb7,0.284,0.325,0.651,99,578,539,153,35,76,22,24,0,31,90,90,4,0,102,36,0.353,0.976,351,0,189,87,2,7,3,94
Ren Morin,32c9bce6-6e52-40fa-9f64-3629b3d026a8,TGRS,747b8e4a-7e50-4638-a973-ea7950a3e739,0.169,0.204,0.309,99,456,431,73,20,49,16,0,0,8,46,142,4,0,81,19,0.235,0.513,133,0,103,91,0,2,1,40
Theodore Holloway,3a8c52d7-4124-4a65-a20d-d51abcbe6540,SPY,9debc64f-74b7-4ae1-a4d6-fce0144b6ea5,0.217,0.275,0.462,99,391,359,78,29,44,19,5,0,10,44,77,1,0,63,18,0.286,0.737,166,0,144,40,3,11,3,44
Dickerson Greatness,3afb30c1-1b12-466a-968a-5a9a21458c7f,CHST,bfd38797-8404-4b38-8b82-341da28b1f83,0.333,0.333,1.333,3,3,3,1,0,0,0,0,0,1,1,1,0,0,0,0,,1.666,4,0,0,1,0,0,0,1
Tiana Cash,3d4545ed-6217-4d7a-9c4a-209265eb6404,CHST,bfd38797-8404-4b38-8b82-341da28b1f83,0.5,0.5,1.0,2,2,2,1,0,0,1,0,0,0,0,0,0,0,0,0,,1.5,2,0,1,0,0,0,0,0
Jaxon Buckley,405dfadf-d435-4307-82f6-8eba2287e87a,PIES,23e4cbc1-e9cd-47fa-a35b-bfa06f726cb7,0.327,0.362,0.713,99,539,501,164,31,75,46,13,0,30,109,46,7,0,99,40,0.404,1.075,357,0,175,99,3,5,3,82
Winnie Mccall,413b3ddb-d933-4567-a60e-6d157480239d,NYM,36569151-a2fb-43c1-9df7-2df512424c82,0.229,0.255,0.385,99,400,384,88,14,61,15,5,0,7,43,99,2,0,69,22,0.319,0.64,148,0,109,80,3,9,0,33
Axel Cardenas,4204c2d1-ca48-4af7-b827-e99907f12d61,CDMX,57ec08cc-0411-4643-b304-0e80dbc15ac7,0.184,0.201,0.338,98,314,305,56,7,38,6,2,0,10,27,96,2,0,49,7,0.143,0.539,103,0,73,70,1,4,0,19
Miguel Javier,43bf6a6d-cc03-4bcf-938d-620e185433e1,CHST,bfd38797-8404-4b38-8b82-341da28b1f83,1.0,1.0,1.0,1,1,1,1,0,1,0,0,0,0,0,0,0,0,0,0,,2.0,1,0,0,0,0,1,0,0
Justice Spoon,43d5da5f-c6a1-42f1-ab7f-50ea956b6cd5,CHI,ca3f1c8c-c025-4d8e-8eef-5be6accbeb16,0.263,0.318,0.635,99,318,293,77,24,39,12,5,0,21,53,53,1,0,56,14,0.25,0.953,186,0,89,63,0,6,0,44
Francisco Preston,44c92d97-bb39-469d-a13b-f2dd9ae644d1,YELL,7966eb04-efcc-499b-8f03-d13916330531,0.259,0.287,0.601,99,435,409,106,19,48,20,13,0,25,68,53,7,0,86,23,0.267,0.888,246,0,164,58,1,12,1,58
Brock Watson,4542f0b0-3409-4a4a-a9e1-e8e8e5d73fcf,CDMX,57ec08cc-0411-4643-b304-0e80dbc15ac7,0.196,0.221,0.362,99,384,367,72,13,44,17,2,0,9,30,84,4,0,42,17,0.405,0.583,133,0,115,78,3,7,2,22
Stew Briggs,46721a07-7cd2-4839-982e-7046df6e8b66,KCBM,adc5b394-8f76-416d-9ce9-813706877b84,0.172,0.184,0.252,99,358,349,60,6,50,4,0,0,6,27,142,3,0,78,12,0.154,0.436,88,0,80,48,3,8,2,26
Rhys Trombone,472f50c0-ef98-4d05-91d0-d6359eec3946,CHST,bfd38797-8404-4b38-8b82-341da28b1f83,1.0,1.0,1.0,1,1,1,1,0,1,0,0,0,0,0,0,0,0,0,0,,2.0,1,0,0,0,0,0,0,0
Shaquille Torres,495a6bdc-174d-4ad6-8d51-9ee88b1c2e4a,CHST,bfd38797-8404-4b38-8b82-341da28b1f83,0.0,0.0,0.0,1,1,1,0,0,0,0,0,0,0,0,0,0,0,0,0,,0.0,0,0,0,1,0,0,0,0
Thomas Dracaena,4b3e8e9b-6de1-4840-8751-b1fb45dc5605,NYM,36569151-a2fb-43c1-9df7-2df512424c82,0.274,0.307,0.576,99,424,401,110,20,60,21,7,0,22,37,57,3,0,38,7,0.184,0.883,231,0,167,47,3,5,1,67
Rodriguez Internet,4b6f0a4e-de18-44ad-b497-03b1f470c43c,KCBM,adc5b394-8f76-416d-9ce9-813706877b84,0.301,0.328,0.509,99,388,369,111,16,82,8,10,0,11,45,64,2,0,83,26,0.313,0.837,188,0,142,37,1,5,2,37
Velasquez Alstott,4ca52626-58cd-449d-88bb-f6d631588640,CHST,bfd38797-8404-4b38-8b82-341da28b1f83,0.178,0.202,0.34,99,416,400,71,13,44,13,3,0,11,33,165,3,0,76,13,0.171,0.542,136,0,102,45,1,3,1,36
Sutton Picklestein,4e6ad1a1-7c71-49de-8bd5-c286712faf9e,YELL,7966eb04-efcc-499b-8f03-d13916330531,0.283,0.304,0.585,99,437,424,120,13,59,21,26,0,14,55,40,0,0,61,18,0.295,0.889,248,0,121,118,3,34,0,80
Sutton Dreamy,4ecee7be-93e4-4f04-b114-6b333e0e6408,FRI,979aee4a-6d80-4863-bf1c-ee1a78e06024,0.18,0.238,0.421,99,421,378,68,32,41,6,10,0,11,44,148,11,0,73,10,0.137,0.659,159,0,100,47,3,7,3,38
Stephens Lightner,4f328502-d347-4d2c-8fad-6ae59431d781,JAZZ,a37f9158-7f82-46bc-908c-c9e2dda7c33b,0.197,0.217,0.36,99,387,375,74,10,48,10,7,0,9,28,115,2,0,78,14,0.179,0.577,135,0,124,45,3,5,2,39
Igneus Delacruz,4f69e8c2-b2a1-4e98-996a-ccf35ac844c5,HELL,f02aeae2-5e6a-4098-9842-02d2273f25c7,0.265,0.331,0.481,99,472,426,113,43,92,7,0,0,14,44,85,3,0,74,14,0.189,0.812,205,0,145,67,2,10,4,52
Annie Roland,4f7d7490-7281-4f8f-b62e-37e99a7c46a0,CHST,bfd38797-8404-4b38-8b82-341da28b1f83,0.0,0.0,0.0,2,2,2,0,0,0,0,0,0,0,0,0,0,0,0,0,,0.0,0,0,2,0,0,0,0,0
Schneider Bendie,4ffd2e50-bb5b-45d0-b7c4-e24d41b2ff5d,NYM,36569151-a2fb-43c1-9df7-2df512424c82,0.199,0.216,0.563,99,356,336,67,10,20,6,17,0,24,54,79,10,0,56,10,0.179,0.779,189,0,134,40,2,6,2,40
Reese Clark,503a235f-9fa6-41b5-8514-9475c944273f,SPY,9debc64f-74b7-4ae1-a4d6-fce0144b6ea5,0.273,0.324,0.595,99,401,373,102,28,57,17,9,0,19,49,58,0,0,51,17,0.333,0.919,222,0,108,95,0,6,2,51
Jacob Haynes,51c5473a-7545-4a9a-920d-d9b718d0e8d1,BOS,3f8bbb15-61c0-4e3f-8e4a-907a5fb1565e,0.325,0.358,0.78,99,336,314,102,18,40,23,15,0,24,56,35,3,0,53,17,0.321,1.138,245,0,102,69,1,3,2,58
Oliver Notarobot,542af915-79c5-431c-a271-f7185e37c6ae,SEA,105bc3ff-1320-4e37-8ef0-8d595cb95dd0,0.228,0.262,0.454,99,447,425,97,20,62,13,3,0,19,47,116,2,0,55,11,0.2,0.716,193,0,104,96,0,8,3,47
Jessi Wise,57448b62-f952-40e2-820c-48d8afe0f64d,CHST,bfd38797-8404-4b38-8b82-341da28b1f83,0.0,0.5,1.0,2,2,1,0,1,0,0,0,0,0,0,0,0,0,0,0,,1.5,1,0,1,0,0,0,0,0
Kichiro Guerra,58c9e294-bd49-457c-883f-fb3162fc668e,LVRS,b72f3061-f573-40d7-832a-5ad475bd7909,0.157,0.214,0.368,99,407,370,58,29,31,13,6,0,8,40,126,8,0,91,19,0.209,0.582,136,0,110,63,2,17,3,30
Randy Dennis,5a26fc61-d75d-4c01-9ce2-1880ffb5550f,DALE,b63be8c2-576a-4d6e-8daf-814f8bcea96f,0.234,0.255,0.48,99,368,354,83,11,44,18,5,0,16,54,79,3,0,85,21,0.247,0.735,170,0,97,80,1,11,1,46
Kennedy Alstott,5b9727f7-6a20-47d2-93d9-779f0a85c4ee,CHST,bfd38797-8404-4b38-8b82-341da28b1f83,0.0,0.0,0.0,1,1,1,0,0,0,0,0,0,0,0,0,0,0,0,0,,0.0,0,0,1,0,0,0,0,0
Paula Turnip,5bcfb3ff-5786-4c6c-964c-5c325fcc48d7,SEA,105bc3ff-1320-4e37-8ef0-8d595cb95dd0,0.265,0.299,0.643,99,364,347,92,17,44,11,8,0,29,64,71,0,0,60,16,0.267,0.942,223,0,136,26,6,21,1,53
Wyatt Quitter,5ca7e854-dc00-4955-9235-d7fcd732ddcf,LIFT,c73b705c-40ad-4633-a6ed-d357ee2e2bcf,0.162,0.235,0.388,99,306,278,45,27,27,9,0,0,9,24,98,1,0,45,5,0.111,0.623,108,0,76,40,1,0,0,25
Conrad Vaughan,5dbf11c0-994a-4482-bd1e-99379148ee45,JAZZ,a37f9158-7f82-46bc-908c-c9e2dda7c33b,0.254,0.285,0.473,89,389,370,94,17,59,18,5,0,12,45,72,2,0,55,14,0.255,0.758,175,0,106,79,4,4,2,38
Sutton Bishop,5eac7fd9-0d19-4bf4-a013-994acc0c40c0,HELL,f02aeae2-5e6a-4098-9842-02d2273f25c7,0.241,0.256,0.492,99,493,465,112,14,57,31,0,0,24,91,81,14,0,105,27,0.257,0.748,229,0,195,47,5,8,2,61
Peanutiel Duffy,5ff66eae-7111-4e3b-a9b8-a9579165b0a5,CHI,ca3f1c8c-c025-4d8e-8eef-5be6accbeb16,0.284,0.33,0.638,96,276,257,73,18,34,17,10,0,12,35,36,1,0,43,14,0.326,0.968,164,0,130,12,0,0,0,48
Alston Cerveza,611d18e0-b972-4cdd-afc2-793c56bfe5a9,CAN,eb67ae5e-c4bf-46ca-bbbc-425cd34182ff,0.305,0.348,0.68,99,356,331,101,23,55,14,9,0,23,50,39,2,0,63,16,0.254,1.028,225,0,106,70,2,9,3,59
Oscar Dollie,63512571-2eca-4bc4-8ad9-a5308a22ae22,YELL,7966eb04-efcc-499b-8f03-d13916330531,0.261,0.301,0.61,99,356,326,85,22,45,9,10,0,21,58,34,8,0,48,15,0.313,0.911,199,0,157,31,5,8,0,56
Mcdowell Mason,63df8701-1871-4987-87d7-b55d4f1df2e9,TACO,878c1bf6-0d21-4659-bfee-916c8314d69c,0.245,0.283,0.628,99,563,530,130,29,50,22,22,0,36,81,75,3,0,72,23,0.319,0.911,333,0,204,84,7,15,3,89
Theodore Passon,64b055d1-b691-4e0c-8583-fc08ba663846,CHST,bfd38797-8404-4b38-8b82-341da28b1f83,0.0,0.0,0.0,1,1,1,0,0,0,0,0,0,0,0,1,0,0,0,0,,0.0,0,0,0,0,0,0,0,0
Grey Alvarado,64f4cd75-0c1e-42cf-9ff0-e41c4756f22a,KCBM,adc5b394-8f76-416d-9ce9-813706877b84,0.163,0.204,0.346,99,330,312,51,16,31,9,1,0,10,26,114,0,0,42,7,0.167,0.55,108,0,109,21,4,6,1,28
Peanut Holloway,667cb445-c288-4e62-b603-27291c1e475d,CHI,ca3f1c8c-c025-4d8e-8eef-5be6accbeb16,0.285,0.331,0.609,99,278,256,73,19,37,16,12,0,8,41,34,3,0,47,15,0.319,0.94,156,0,108,29,3,8,1,43
Baby Doyle,678170e4-0688-436d-a02d-c0467f9af8c0,JAZZ,a37f9158-7f82-46bc-908c-c9e2dda7c33b,0.313,0.335,0.654,99,400,384,120,14,59,29,8,0,24,68,60,2,0,67,25,0.373,0.989,251,0,87,104,5,7,6,55
Isaac Johnson,68f98a04-204f-4675-92a7-8823f2277075,CHI,ca3f1c8c-c025-4d8e-8eef-5be6accbeb16,0.259,0.303,0.58,99,307,286,74,19,37,13,12,0,12,34,43,2,0,55,14,0.255,0.883,166,0,115,40,1,25,3,38
Joshua Butt,69196296-f652-42ff-b2ca-0d9b50bd9b7b,CHI,ca3f1c8c-c025-4d8e-8eef-5be6accbeb16,0.25,0.276,0.491,79,239,224,56,10,30,13,8,0,5,30,42,5,0,52,11,0.212,0.767,110,0,54,66,2,4,2,24
Cudi Di Batterino,6a567da6-7c96-44d3-85de-e5a08a919250,LIFT,c73b705c-40ad-4633-a6ed-d357ee2e2bcf,0.191,0.256,0.376,99,347,314,60,29,43,11,0,0,6,22,84,4,0,52,12,0.231,0.632,118,0,128,27,2,2,1,20
Greer Gwiffin,6c346d8b-d186-4228-9adb-ae919d7131dd,SEA,105bc3ff-1320-4e37-8ef0-8d595cb95dd0,0.249,0.311,0.603,99,422,385,96,35,56,8,3,0,29,56,96,1,0,63,10,0.159,0.914,232,0,136,28,6,19,1,62
Trevino Merritt,70a458ed-25ca-4ff8-97fc-21cbf58f2c2a,CHST,bfd38797-8404-4b38-8b82-341da28b1f83,0.0,0.0,0.0,3,3,3,0,0,0,0,0,0,0,0,1,0,0,0,0,,0.0,0,0,1,1,0,0,0,0
Margarito Nava,718dea1a-d9a8-4c2b-933a-f0667b5250e6,BOS,3f8bbb15-61c0-4e3f-8e4a-907a5fb1565e,0.298,0.334,0.749,99,365,342,102,20,44,18,4,0,36,70,37,3,0,47,17,0.362,1.083,256,0,130,59,2,15,1,79
Rai Spliff,733d80f1-2485-40f7-828b-fd7cd8243a01,STK,b024e975-1c4a-4575-8936-a3754a08806a,0.339,0.369,0.752,99,329,307,104,17,58,12,4,0,30,69,38,4,0,54,24,0.444,1.121,231,0,137,14,2,6,2,58
Conner Haley,740d5fef-d59f-4dac-9a75-739ec07f91cf,STK,b024e975-1c4a-4575-8936-a3754a08806a,0.25,0.279,0.656,99,394,372,93,17,34,14,15,0,30,59,54,5,0,41,13,0.317,0.935,244,0,167,45,0,19,6,63
Moses Mason,75f9d874-5e69-438d-900d-a3fcb1d429b3,BOS,3f8bbb15-61c0-4e3f-8e4a-907a5fb1565e,0.173,0.201,0.339,99,308,289,50,12,30,10,4,0,6,33,107,7,0,52,13,0.25,0.54,98,0,99,21,2,9,2,27
Sandie Turner,766dfd1e-11c3-42b6-a167-9b2d568b5dc0,NYM,36569151-a2fb-43c1-9df7-2df512424c82,0.291,0.308,0.557,99,419,409,119,10,72,19,4,0,24,54,97,0,0,48,19,0.396,0.865,228,0,92,86,5,25,2,56
Lars Mendoza,76c4853b-7fbc-4688-8cda-c5b8de1724e4,CHST,bfd38797-8404-4b38-8b82-341da28b1f83,1.0,1.0,1.0,1,1,1,1,0,1,0,0,0,0,0,0,0,0,0,0,,2.0,1,0,0,0,0,0,1,0
Randy Castillo,7932c7c7-babb-4245-b9f5-cdadb97c99fb,TGRS,747b8e4a-7e50-4638-a973-ea7950a3e739,0.252,0.277,0.577,99,437,421,106,15,53,12,13,0,28,84,100,1,0,83,29,0.349,0.854,243,0,112,86,1,1,1,62
Beck Whitney,7a75d626-d4fd-474f-a862-473138d8c376,DALE,b63be8c2-576a-4d6e-8daf-814f8bcea96f,0.251,0.295,0.625,99,352,323,81,23,36,16,5,0,24,62,36,6,0,59,17,0.288,0.92,202,0,155,29,3,38,0,55
Blankenship Fischer,7b0f91aa-4d66-4362-993d-6ff60f7ce0ef,CHST,bfd38797-8404-4b38-8b82-341da28b1f83,0.0,0.5,1.0,2,2,1,0,1,0,0,0,0,0,0,1,0,0,1,0,0.0,1.5,1,0,0,0,0,0,0,0
Paul Barnes,80a2f015-9d40-426b-a4f6-b9911ba3add8,CHST,bfd38797-8404-4b38-8b82-341da28b1f83,0.0,0.0,0.0,1,1,1,0,0,0,0,0,0,0,0,0,0,0,0,0,,0.0,0,0,0,0,0,0,0,0
Alyssa Harrell,80de2b05-e0d4-4d33-9297-9951b2b5c950,FRI,979aee4a-6d80-4863-bf1c-ee1a78e06024,0.26,0.283,0.47,99,406,385,100,15,63,19,7,0,11,40,64,6,0,65,17,0.262,0.753,181,0,141,65,1,6,4,43
Summers Preston,80e474a3-7d2b-431d-8192-2f1e27162607,CDMX,57ec08cc-0411-4643-b304-0e80dbc15ac7,0.25,0.267,0.576,99,393,384,96,9,42,19,8,0,27,54,54,0,0,53,18,0.34,0.843,221,0,162,52,0,4,0,56
Holden Stanton,817dee99-9ccf-4f41-84e3-dc9773237bc8,JAZZ,a37f9158-7f82-46bc-908c-c9e2dda7c33b,0.22,0.27,0.531,99,367,341,75,24,40,6,11,0,18,49,70,2,0,64,18,0.281,0.801,181,0,85,95,2,2,1,51
Summers Pony,81a0889a-4606-4f49-b419-866b57331383,SEA,105bc3ff-1320-4e37-8ef0-8d595cb95dd0,0.233,0.244,0.588,99,398,391,91,6,33,8,25,0,25,56,96,1,0,71,14,0.197,0.832,230,0,134,54,4,4,4,57
Sam Scandal,82d1b7b4-ce00-4536-8631-a025f05150ce,STK,b024e975-1c4a-4575-8936-a3754a08806a,0.273,0.278,0.577,99,374,359,98,6,49,18,8,0,23,55,65,9,0,44,14,0.318,0.855,207,0,151,32,2,8,0,49
Nic Winkler,855775c1-266f-40f6-b07b-3a67ccdf8551,BOS,3f8bbb15-61c0-4e3f-8e4a-907a5fb1565e,0.269,0.313,0.622,99,356,331,89,22,51,7,5,0,26,63,43,2,0,61,23,0.377,0.935,206,0,92,93,3,9,5,48
Quack Enjoyable,86adac6f-c694-44ac-9560-758de7eac937,SEA,105bc3ff-1320-4e37-8ef0-8d595cb95dd0,0.192,0.23,0.361,99,430,407,78,21,49,17,5,0,7,28,116,2,0,61,10,0.164,0.591,147,0,104,92,2,5,2,33
York Silk,86d4e22b-f107-4bcf-9625-32d387fcb521,CAN,eb67ae5e-c4bf-46ca-bbbc-425cd34182ff,0.257,0.28,0.553,95,311,300,77,10,43,11,1,0,22,52,45,1,0,52,14,0.269,0.833,166,0,89,73,3,3,2,45
Marco Stink,87e6ae4b-67de-4973-aa56-0fc9835a1e1e,KCBM,adc5b394-8f76-416d-9ce9-813706877b84,0.216,0.238,0.607,99,344,333,72,10,23,6,15,0,28,60,70,1,0,44,13,0.295,0.845,202,0,123,56,1,25,2,56
Hewitt Best,88cd6efa-dbf2-4309-aabe-ec1d6f21f98a,KCBM,adc5b394-8f76-416d-9ce9-813706877b84,0.225,0.27,0.448,99,397,373,84,23,49,18,9,0,8,20,83,1,0,37,7,0.189,0.718,167,0,104,87,2,50,1,49
Francisca Sasquatch,8903a74f-f322-41d2-bd75-dbf7563c4abb,DALE,b63be8c2-576a-4d6e-8daf-814f8bcea96f,0.294,0.324,0.669,99,312,296,87,14,41,14,13,0,19,50,40,2,0,49,17,0.347,0.993,198,0,76,79,2,18,3,43
Concrete Mandible,89c8f6bf-94a2-4e56-8412-bdb0182509a9,LIFT,c73b705c-40ad-4633-a6ed-d357ee2e2bcf,0.038,0.12,0.153,99,342,313,12,29,7,4,0,0,1,5,264,0,0,45,1,0.022,0.273,48,0,25,8,1,1,0,13
Nagomi Nava,89f74891-2e25-4b5a-bd99-c95ba3f36aa0,HELL,f02aeae2-5e6a-4098-9842-02d2273f25c7,0.221,0.302,0.628,99,461,403,89,50,43,8,8,0,30,85,75,8,0,91,21,0.231,0.93,253,0,146,69,6,9,1,69
Oliver Mueller,8b53ce82-4b1a-48f0-999d-1774b3719202,SEA,105bc3ff-1320-4e37-8ef0-8d595cb95dd0,0.238,0.326,0.534,99,383,328,78,47,54,6,10,0,8,40,75,8,0,60,19,0.317,0.86,175,0,124,42,1,0,2,49
Jenna Maldonado,8ba7e1ff-4c6d-4963-8e0f-7096d14f4b12,CHST,bfd38797-8404-4b38-8b82-341da28b1f83,0.0,0.0,0.0,1,1,1,0,0,0,0,0,0,0,0,0,0,0,0,0,,0.0,0,0,1,0,0,0,0,0
Ziwa Mueller,8c8cc584-199b-4b76-b2cd-eaa9a74965e5,CAN,eb67ae5e-c4bf-46ca-bbbc-425cd34182ff,0.22,0.258,0.507,90,360,341,75,18,33,18,10,0,14,40,73,1,0,38,12,0.316,0.765,173,0,138,37,4,8,3,42
Gloria Bugsnax,8cd06abf-be10-4a35-a3ab-1a408a329147,BOS,3f8bbb15-61c0-4e3f-8e4a-907a5fb1565e,0.243,0.297,0.704,99,310,284,69,23,23,10,10,0,26,57,46,3,0,52,16,0.308,1.001,200,0,114,48,0,3,0,52
Avila Guzman,8cf78b49-d0ca-4703-88e8-4bcad26c44b1,DALE,b63be8c2-576a-4d6e-8daf-814f8bcea96f,0.213,0.275,0.596,99,346,314,67,28,26,13,5,0,23,50,54,4,0,58,12,0.207,0.871,187,0,130,54,3,17,2,43
Case Sports,8d337b47-2a7d-418d-a44e-ef81e401c2ef,CDMX,57ec08cc-0411-4643-b304-0e80dbc15ac7,0.216,0.27,0.364,79,248,231,50,17,37,11,0,0,2,11,75,0,0,32,10,0.313,0.634,84,0,80,14,2,2,1,23
Velasquez Meadows,8e1fd784-99d5-41c1-a6c5-6b947cec6714,CHST,bfd38797-8404-4b38-8b82-341da28b1f83,1.0,1.0,1.0,1,1,1,1,0,1,0,0,0,0,0,0,0,0,0,0,,2.0,1,0,0,0,0,0,0,0
Fitzgerald Blackburn,8ecea7e0-b1fb-4b74-8c8c-3271cb54f659,SPY,9debc64f-74b7-4ae1-a4d6-fce0144b6ea5,0.26,0.305,0.667,99,456,427,111,28,46,21,7,0,37,86,82,1,0,89,22,0.247,0.972,285,0,96,124,4,5,3,63
Eugenia Garbage,90768354-957e-4b4c-bb6d-eab6bbda0ba3,CAN,eb67ae5e-c4bf-46ca-bbbc-425cd34182ff,0.273,0.323,0.561,99,415,385,105,29,68,13,3,0,21,46,46,1,0,44,15,0.341,0.884,216,0,142,83,1,3,4,52
Kline Greenlemon,97f5a9cd-72f0-413e-9e68-a6ee6a663489,STK,b024e975-1c4a-4575-8936-a3754a08806a,0.232,0.263,0.51,99,316,302,70,13,37,8,12,0,13,41,77,1,0,58,17,0.293,0.773,154,0,97,39,4,12,2,38
Bates Bentley,9965eed5-086c-4977-9470-fe410f92d353,FRI,979aee4a-6d80-4863-bf1c-ee1a78e06024,0.197,0.223,0.406,50,238,229,45,8,28,4,3,0,10,19,53,1,0,32,6,0.188,0.629,93,0,99,25,0,8,1,41
Bates Bentley,9965eed5-086c-4977-9470-fe410f92d353,FRI,979aee4a-6d80-4863-bf1c-ee1a78e06024,0.193,0.197,0.415,50,173,171,33,1,16,7,0,0,10,14,47,1,0,23,3,0.13,0.612,71,0,65,24,0,8,1,41
Christian Combs,9ac2e7c5-5a34-4738-98d8-9f917bc6d119,FRI,979aee4a-6d80-4863-bf1c-ee1a78e06024,0.267,0.292,0.515,99,391,375,100,14,56,26,1,0,17,43,69,1,0,62,20,0.323,0.807,193,0,158,29,3,9,2,49
Jesús Koch,9be56060-3b01-47aa-a090-d072ef109fbf,CAN,eb67ae5e-c4bf-46ca-bbbc-425cd34182ff,0.234,0.282,0.559,99,380,354,83,24,35,19,15,0,14,55,105,2,0,73,26,0.356,0.841,198,0,86,72,4,2,3,39
Kathy Mathews,9c3273a0-2711-4958-b716-bfcf60857013,JAZZ,a37f9158-7f82-46bc-908c-c9e2dda7c33b,0.273,0.326,0.607,99,377,341,93,30,53,10,16,0,14,51,80,6,0,61,18,0.295,0.933,207,0,123,31,1,16,3,50
Lotus Mango,9f218ed1-d793-437d-a1b9-79f88f69154d,LIFT,c73b705c-40ad-4633-a6ed-d357ee2e2bcf,0.204,0.267,0.469,99,326,294,60,27,34,9,9,0,8,30,66,5,0,46,9,0.196,0.736,138,0,127,32,0,1,0,32
Lachlan Shelton,9f85676a-7411-444a-8ae2-c7f8f73c285c,CAN,eb67ae5e-c4bf-46ca-bbbc-425cd34182ff,0.164,0.19,0.38,99,342,324,53,12,21,13,12,0,7,35,84,6,0,61,17,0.279,0.57,123,0,107,61,4,1,0,41
Patel Beyonce,a1ed3396-114a-40bc-9ff0-54d7e1ad1718,STK,b024e975-1c4a-4575-8936-a3754a08806a,0.253,0.284,0.53,99,307,285,72,15,44,10,0,0,18,47,57,6,0,63,11,0.175,0.814,151,0,85,62,3,4,2,38
Chorby Short,a3947fbc-50ec-45a4-bca4-49ffebb77dbe,YELL,7966eb04-efcc-499b-8f03-d13916330531,0.12,0.146,0.235,99,404,391,47,12,31,5,5,0,6,22,224,1,0,59,6,0.102,0.381,92,0,85,17,4,10,2,25
Richardson Turquoise,a5adc84c-80b8-49e4-9962-8b4ade99a922,CHST,bfd38797-8404-4b38-8b82-341da28b1f83,0.0,0.0,0.0,3,3,3,0,0,0,0,0,0,0,0,1,0,0,1,0,0.0,0.0,0,0,2,0,0,0,0,0
Commissioner Vapor,a7d8196a-ca6b-4dab-a9d7-c27f3e86cc21,CAN,eb67ae5e-c4bf-46ca-bbbc-425cd34182ff,0.267,0.324,0.621,99,383,348,93,31,50,17,3,0,23,64,44,4,0,58,24,0.414,0.945,216,0,137,60,3,23,2,57
Helga Washington,a8a5cf36-d1a9-47d1-8d22-4a665933a7cc,KCBM,adc5b394-8f76-416d-9ce9-813706877b84,0.271,0.298,0.524,99,336,317,86,14,52,18,0,0,16,41,52,5,0,45,15,0.333,0.822,166,0,120,54,1,3,0,39
Eizabeth Elliott,aa6c2662-75f8-4506-aa06-9a0993313216,YELL,7966eb04-efcc-499b-8f03-d13916330531,0.248,0.269,0.482,99,372,359,89,11,52,17,4,0,16,40,37,2,0,54,15,0.278,0.751,173,0,187,29,3,36,2,51
Goobie Ballson,ab36c776-b520-429b-a85f-bf633d7b081a,CHI,ca3f1c8c-c025-4d8e-8eef-5be6accbeb16,0.241,0.264,0.491,98,360,344,83,12,45,17,6,0,15,40,67,4,0,55,15,0.273,0.755,169,0,88,102,0,2,3,46
Matheo Carpenter,ab9eb213-0917-4374-a259-458295045021,CHST,bfd38797-8404-4b38-8b82-341da28b1f83,0.0,0.0,0.0,1,1,1,0,0,0,0,0,0,0,0,1,0,0,0,0,,0.0,0,0,0,0,0,0,0,0
Bevan Wise,ac69dba3-6225-4afd-ab4b-23fc78f730fb,YELL,7966eb04-efcc-499b-8f03-d13916330531,0.264,0.28,0.508,99,421,398,105,13,66,8,17,0,14,69,71,10,0,86,31,0.36,0.788,202,0,170,37,1,3,1,52
Baby Triumphant,ad8d15f4-e041-4a12-a10e-901e6285fdc5,CHI,ca3f1c8c-c025-4d8e-8eef-5be6accbeb16,0.249,0.299,0.644,99,394,365,91,27,40,8,20,0,23,53,64,2,0,58,17,0.293,0.943,235,0,120,60,1,2,2,52
Freemium Seraph,adcbc290-81c5-4da9-b4da-2e594b080710,LIFT,c73b705c-40ad-4633-a6ed-d357ee2e2bcf,0.228,0.248,0.407,99,318,307,70,9,46,11,4,0,9,37,96,2,0,48,12,0.25,0.655,125,0,86,40,5,5,2,21
August Sky,ae81e172-801a-4236-929a-b990fc7190ce,STK,b024e975-1c4a-4575-8936-a3754a08806a,0.233,0.26,0.523,99,365,348,81,14,38,17,8,0,18,39,76,3,0,46,10,0.217,0.783,182,0,157,28,0,1,0,46
Richardson Games,b1b141fc-e867-40d1-842a-cea30a97ca4f,CHST,bfd38797-8404-4b38-8b82-341da28b1f83,0.167,0.238,0.401,99,425,389,65,36,35,12,11,0,7,26,152,0,0,54,12,0.222,0.639,156,0,94,71,1,45,1,40
Dickerson Morse,b39b5aae-8571-4c90-887a-6a00f2a2f6fd,STK,b024e975-1c4a-4575-8936-a3754a08806a,0.262,0.27,0.545,99,311,301,79,5,39,12,16,0,12,48,72,5,0,62,14,0.226,0.815,164,0,78,62,0,7,2,46
Hendricks Rangel,b3d518b9-dc68-4902-b68c-0022ceb25aa0,CHST,bfd38797-8404-4b38-8b82-341da28b1f83,0.0,0.0,0.0,1,1,1,0,0,0,0,0,0,0,0,0,0,0,0,0,,0.0,0,0,0,1,0,0,0,0
Sebastian Townsend,b4505c48-fc75-4f9e-8419-42b28dcc5273,CHST,bfd38797-8404-4b38-8b82-341da28b1f83,,,,1,1,0,0,1,0,0,0,0,0,0,0,0,0,0,0,,,1,0,0,0,0,0,0,0
Elwin McGhee,b60605e6-ff41-4388-a61a-fafd2175f7ad,LIFT,c73b705c-40ad-4633-a6ed-d357ee2e2bcf,0.195,0.229,0.343,97,371,353,69,16,43,20,2,0,4,21,89,2,0,47,11,0.234,0.572,121,0,111,61,6,9,1,32
Esme Ramsey,b8ab86c6-9054-4832-9b96-508dbd4eb624,CHST,bfd38797-8404-4b38-8b82-341da28b1f83,0.215,0.271,0.517,99,292,265,57,22,30,9,5,0,13,43,62,4,0,59,15,0.254,0.788,137,0,80,58,0,3,3,30
Farrell Seagull,bbf9543f-f100-445a-a467-81d7aab12236,PIES,23e4cbc1-e9cd-47fa-a35b-bfa06f726cb7,0.224,0.309,0.492,99,551,486,109,61,78,6,12,0,13,59,110,4,0,76,23,0.303,0.801,239,0,192,45,6,3,2,86
Famous Oconnor,bca38809-81de-42ff-94e3-1c0ebfb1e797,CHST,bfd38797-8404-4b38-8b82-341da28b1f83,0.0,0.0,0.0,2,2,2,0,0,0,0,0,0,0,0,0,0,0,0,0,,0.0,0,0,1,1,0,0,0,0
Helga Burton,bd24e18b-800d-4f15-878d-e334fb4803c4,LVRS,b72f3061-f573-40d7-832a-5ad475bd7909,0.176,0.244,0.422,99,394,353,62,34,38,5,9,0,10,41,132,7,0,75,13,0.173,0.666,149,0,115,33,2,1,1,36
Cell Barajas,bd8778e5-02e8-4d1f-9c31-7b63942cc570,CDMX,57ec08cc-0411-4643-b304-0e80dbc15ac7,0.187,0.235,0.416,99,327,305,57,20,35,8,0,0,14,33,59,2,0,59,9,0.153,0.651,127,0,93,81,1,3,2,26
José Haley,bd8d58b6-f37f-48e6-9919-8e14ec91f92a,CHST,bfd38797-8404-4b38-8b82-341da28b1f83,0.0,0.0,0.0,1,1,1,0,0,0,0,0,0,0,0,1,0,0,0,0,,0.0,0,0,0,0,0,0,0,0
Scores Baserunner,be18d363-752d-4e4a-b06b-1a7e4641400b,BOS,3f8bbb15-61c0-4e3f-8e4a-907a5fb1565e,0.277,0.324,0.609,99,278,256,71,19,41,6,12,0,12,34,38,3,0,44,14,0.318,0.933,156,0,115,24,0,12,5,39
Frasier Shmurmgle,be35caba-b16a-4e0d-b927-4da857f4cdb5,CHST,bfd38797-8404-4b38-8b82-341da28b1f83,0.0,0.0,0.0,1,1,1,0,0,0,0,0,0,0,0,0,0,0,1,0,0.0,0.0,0,0,1,0,0,0,0,0
Rat Mason,bf6a24d1-4e89-4790-a4ba-eeb2870cbf6f,TACO,878c1bf6-0d21-4659-bfee-916c8314d69c,0.264,0.31,0.507,98,516,477,126,34,89,13,3,0,21,59,80,5,0,102,29,0.284,0.817,242,0,207,49,3,7,1,53
Declan Suzanne,bfd9ff52-9bf6-4aaf-a859-d308d8f29616,CHI,ca3f1c8c-c025-4d8e-8eef-5be6accbeb16,0.087,0.12,0.164,99,300,286,25,11,18,4,2,0,1,11,185,3,0,70,3,0.043,0.284,47,0,60,12,0,0,1,12
Paula Mason,c0177f76-67fc-4316-b650-894159dede45,TGRS,747b8e4a-7e50-4638-a973-ea7950a3e739,0.253,0.308,0.575,99,516,471,119,40,73,12,2,0,32,69,65,5,0,73,18,0.247,0.883,271,0,207,54,3,31,4,86
Nagomi Mcdaniel,c0732e36-3731-4f1a-abdc-daa9563b6506,FRI,979aee4a-6d80-4863-bf1c-ee1a78e06024,0.3,0.336,0.81,99,447,416,125,25,42,21,20,0,42,106,67,6,0,76,25,0.329,1.146,337,0,148,54,5,41,1,81
Cannonball Sports,c0998a08-de15-4187-b903-2e096ffa08e5,DALE,b63be8c2-576a-4d6e-8daf-814f8bcea96f,0.28,0.332,0.591,99,377,347,97,28,58,14,9,0,16,46,56,2,0,74,20,0.27,0.923,205,0,93,92,3,3,0,51
Lenny Spruce,c09e64b6-8248-407e-b3af-1931b880dbee,KCBM,adc5b394-8f76-416d-9ce9-813706877b84,0.224,0.262,0.438,99,317,299,67,16,45,7,4,0,11,26,87,2,0,43,13,0.302,0.7,131,0,97,42,1,6,1,36
August Mina,c17a4397-4dcc-440e-8c53-d897e971cae9,CHST,bfd38797-8404-4b38-8b82-341da28b1f83,0.0,0.5,1.0,2,2,1,0,1,0,0,0,0,0,0,1,0,0,0,0,,1.5,1,0,0,0,0,0,0,0
Swamuel Mora,c182f33c-aea5-48a2-97ed-dc74fa29b3c0,CHI,ca3f1c8c-c025-4d8e-8eef-5be6accbeb16,0.262,0.301,0.579,99,352,328,86,20,46,17,2,0,21,57,56,4,0,54,19,0.352,0.88,190,0,94,78,1,4,3,44
Carmelo Plums,c18961e9-ef3f-4954-bd6b-9fe01c615186,TGRS,747b8e4a-7e50-4638-a973-ea7950a3e739,0.2,0.267,0.44,84,390,350,70,34,45,8,9,0,8,47,68,6,0,86,17,0.198,0.707,154,0,138,49,2,8,0,42
Logan Horseman,c22e3af5-9001-465f-b450-864d7db2b4a0,DALE,b63be8c2-576a-4d6e-8daf-814f8bcea96f,0.253,0.325,0.588,99,335,296,75,34,47,7,5,0,16,39,66,5,0,59,16,0.271,0.913,174,0,109,35,3,20,5,42
Cedric Spliff,c31d874c-1b4d-40f2-a1b3-42542e934047,CAN,eb67ae5e-c4bf-46ca-bbbc-425cd34182ff,0.221,0.289,0.453,99,391,353,78,35,54,9,7,0,8,25,72,3,0,52,8,0.154,0.742,160,0,122,58,2,7,1,51
Charlatan Seabright,c4dec95e-78a1-4840-b209-b3b597181534,NYM,36569151-a2fb-43c1-9df7-2df512424c82,0.165,0.188,0.35,99,414,400,66,12,40,7,2,0,17,37,148,2,0,66,9,0.136,0.538,140,0,122,45,4,6,1,35
Valentine Games,c675fcdf-6117-49a6-ac32-99a89a3a88aa,TACO,878c1bf6-0d21-4659-bfee-916c8314d69c,0.313,0.34,0.75,99,538,512,160,23,61,36,24,0,39,100,49,3,0,96,32,0.333,1.09,384,0,181,108,3,9,1,84
Eduardo Ingram,c73d59dd-32a0-49ce-8ab4-b2dbb7dc94ec,CHST,bfd38797-8404-4b38-8b82-341da28b1f83,0.0,0.0,0.0,2,2,2,0,0,0,0,0,0,0,0,0,0,0,0,0,,0.0,0,0,2,0,0,0,0,0
Basilio Fig,c755efce-d04d-4e00-b5c1-d801070d3808,TACO,878c1bf6-0d21-4659-bfee-916c8314d69c,0.217,0.248,0.51,99,492,469,102,20,50,12,15,0,25,62,118,2,0,91,22,0.242,0.758,239,0,141,92,2,3,1,56
Zi Delacruz,c83a13f6-ee66-4b1c-9747-faa67395a6f1,CHST,bfd38797-8404-4b38-8b82-341da28b1f83,0.0,0.0,0.0,2,2,2,0,0,0,0,0,0,0,0,1,0,0,1,0,0.0,0.0,0,0,0,1,0,0,0,0
Langley Wheeler,c83f0fe0-44d1-4342-81e8-944bb38f8e23,CHST,bfd38797-8404-4b38-8b82-341da28b1f83,0.0,0.0,0.0,1,1,1,0,0,0,0,0,0,0,0,1,0,0,0,0,,0.0,0,0,0,0,0,0,0,0
Sosa Elftower,c86b5add-6c9a-40e0-aa43-e4fd7dd4f2c7,CHST,bfd38797-8404-4b38-8b82-341da28b1f83,0.0,0.0,0.0,1,1,1,0,0,0,0,0,0,0,0,0,0,0,0,0,,0.0,0,0,1,0,0,0,0,0
Alexander Horne,c9e4a49e-e35a-4034-a4c7-293896b40c58,LVRS,b72f3061-f573-40d7-832a-5ad475bd7909,0.177,0.287,0.452,99,387,334,59,52,39,5,10,0,5,24,112,1,0,45,10,0.222,0.739,151,0,120,22,0,16,1,36
Knight Triumphant,cbd19e6f-3d08-4734-b23f-585330028665,LVRS,b72f3061-f573-40d7-832a-5ad475bd7909,0.267,0.317,0.545,99,417,389,104,28,56,31,2,0,15,32,58,0,0,36,9,0.25,0.862,212,0,149,64,2,11,1,51
Pudge Nakamoto,cc11963b-a05b-477b-b154-911dc31960df,KCBM,adc5b394-8f76-416d-9ce9-813706877b84,0.193,0.233,0.409,99,400,374,72,21,46,9,0,0,17,47,85,4,0,61,15,0.246,0.642,153,0,116,93,1,2,1,39
Eizabeth Guerra,cd417f8a-ce01-4ab2-921d-42e2e445bbe2,KCBM,adc5b394-8f76-416d-9ce9-813706877b84,0.228,0.249,0.43,99,365,351,80,11,51,7,13,0,9,38,139,3,0,80,17,0.213,0.679,151,0,88,32,1,6,1,30
Miguel Wheeler,cd68d3a6-7fbc-445d-90f1-970c955e32f4,CHST,bfd38797-8404-4b38-8b82-341da28b1f83,0.0,0.0,0.0,1,1,1,0,0,0,0,0,0,0,0,0,0,0,0,0,,0.0,0,0,1,0,0,0,0,0
Yong Wright,ce0e57a7-89f5-41ea-80f9-6e649dd54089,CDMX,57ec08cc-0411-4643-b304-0e80dbc15ac7,0.165,0.234,0.396,99,351,321,53,29,30,7,10,0,6,19,86,1,0,45,8,0.178,0.63,127,0,112,58,1,4,3,34
Hendricks Richardson,cf8e152e-2d27-4dcc-ba2b-68127de4e6a4,HELL,f02aeae2-5e6a-4098-9842-02d2273f25c7,0.264,0.307,0.517,99,532,489,129,34,80,20,17,0,12,54,84,8,0,99,22,0.222,0.824,253,0,200,63,2,19,5,85
Denzel Scott,d2d76815-cbdc-4c4b-9c9e-32ebf2297cc7,SPY,9debc64f-74b7-4ae1-a4d6-fce0144b6ea5,0.292,0.339,0.617,37,165,154,45,11,26,8,2,0,9,18,20,0,0,25,7,0.28,0.956,95,0,43,43,0,2,1,26
Stu Trololol,d47dd08e-833c-4302-a965-a391d345455c,CHST,bfd38797-8404-4b38-8b82-341da28b1f83,0.208,0.237,0.459,99,388,370,77,15,36,14,17,0,10,36,112,3,0,71,15,0.211,0.696,170,0,87,79,1,1,1,32
Richmond Harrison,d4a10c2a-0c28-466a-9213-38ba3339b65e,TGRS,747b8e4a-7e50-4638-a973-ea7950a3e739,0.231,0.286,0.509,99,525,481,111,39,70,10,8,0,23,59,102,5,0,67,23,0.343,0.795,245,0,203,38,5,27,7,76
Hiroto Cerna,d51f1fe8-4ab8-411e-b836-5bba92984d32,BOS,3f8bbb15-61c0-4e3f-8e4a-907a5fb1565e,0.279,0.302,0.669,99,318,305,85,11,32,22,7,0,24,53,36,2,0,48,16,0.333,0.971,204,0,123,48,2,19,0,57
Joshua Watson,d6c69d2d-9344-4b19-85a4-6cfcbaead5d2,CDMX,57ec08cc-0411-4643-b304-0e80dbc15ac7,0.259,0.303,0.601,99,337,313,81,21,36,12,25,0,8,34,59,3,0,51,10,0.196,0.904,188,0,114,48,2,10,2,38
Tyler Violet,d744f534-2352-472b-9e42-cd91fa540f1b,CHST,bfd38797-8404-4b38-8b82-341da28b1f83,0.0,0.0,0.0,1,1,1,0,0,0,0,0,0,0,0,0,0,0,1,0,0.0,0.0,0,0,0,0,1,0,0,0
Lance Serotonin,d86f836e-4edf-4dbd-9743-14f30461ee14,LIFT,c73b705c-40ad-4633-a6ed-d357ee2e2bcf,0.262,0.286,0.65,99,357,340,89,13,40,8,12,0,29,66,83,4,0,54,15,0.278,0.936,221,0,114,36,0,12,0,47
Fish Summer,d89da2d2-674c-4b85-8959-a4bd406f760a,CAN,eb67ae5e-c4bf-46ca-bbbc-425cd34182ff,0.312,0.357,0.721,99,333,308,96,23,50,13,9,0,24,62,44,2,0,62,21,0.339,1.078,222,0,80,78,3,3,1,55
Comfort Septemberish,d8ee256f-e3d0-46cb-8c77-b1f88d8c9df9,SPY,9debc64f-74b7-4ae1-a4d6-fce0144b6ea5,0.304,0.348,0.709,99,468,437,133,30,72,12,12,0,37,77,76,1,0,72,23,0.319,1.057,310,0,164,49,1,34,2,87
Lang Richardson,da0bbbe6-d13c-40cc-9594-8c476975d93d,PIES,23e4cbc1-e9cd-47fa-a35b-bfa06f726cb7,0.245,0.295,0.511,99,526,485,119,36,70,16,22,0,11,72,102,5,0,122,32,0.262,0.806,248,0,189,40,5,17,3,66
Yusef Fenestrate,da67c196-4cac-428b-8c18-2a411055ea35,LIFT,c73b705c-40ad-4633-a6ed-d357ee2e2bcf,0.216,0.265,0.501,99,389,365,79,24,41,15,4,0,19,34,91,0,0,35,5,0.143,0.766,183,0,134,47,3,11,6,37
Yusef Puddles,dd6044ef-c635-4aed-97bd-d18068432b8f,PIES,23e4cbc1-e9cd-47fa-a35b-bfa06f726cb7,0.266,0.288,0.458,99,513,493,131,17,83,30,6,0,12,62,133,3,0,111,37,0.333,0.746,226,0,129,85,1,11,3,63
Beans McBlase,dddb6485-0527-4523-9bec-324a5b66bf37,CAN,eb67ae5e-c4bf-46ca-bbbc-425cd34182ff,0.211,0.247,0.416,99,368,341,72,19,38,25,1,0,8,45,45,8,0,68,13,0.191,0.663,142,0,179,21,4,2,0,39
Castillo Turner,defbc540-a36d-460b-afd8-07da2375ee63,BOS,3f8bbb15-61c0-4e3f-8e4a-907a5fb1565e,0.231,0.255,0.6,99,341,325,75,12,26,15,9,0,25,70,74,4,0,61,22,0.361,0.855,195,0,124,38,2,9,1,56
Wyatt Glover,e16c3f28-eecd-4571-be1a-606bbac36b2b,YELL,7966eb04-efcc-499b-8f03-d13916330531,0.208,0.245,0.4,99,381,360,75,18,49,9,9,0,8,28,68,2,0,60,13,0.217,0.645,144,0,144,58,0,0,0,32
Stijn Strongbody,e2f39815-5291-4dcf-ba19-97dcf0c015e9,LIFT,c73b705c-40ad-4633-a6ed-d357ee2e2bcf,0.157,0.247,0.429,99,365,324,51,39,30,4,6,0,11,31,99,2,0,53,7,0.132,0.676,139,0,110,48,3,2,0,36
Ronan Combs,e4f1f358-ee1f-4466-863e-f329766279d0,CDMX,57ec08cc-0411-4643-b304-0e80dbc15ac7,0.186,0.272,0.466,99,334,296,55,36,33,5,9,0,8,30,83,2,0,64,12,0.188,0.738,138,0,110,33,5,1,3,27
Gallup Crueller,e7ecf646-e5e4-49ef-a0e3-10a78e87f5f4,STK,b024e975-1c4a-4575-8936-a3754a08806a,0.129,0.136,0.22,99,389,381,49,4,33,6,5,0,5,22,166,4,0,65,10,0.154,0.356,84,0,102,58,0,3,1,24
Nandy Fantastic,ec68845f-3b26-412f-8446-4fef34e09c77,NYM,36569151-a2fb-43c1-9df7-2df512424c82,0.175,0.217,0.413,99,369,349,61,19,28,15,5,0,13,35,64,1,0,62,13,0.21,0.63,144,0,120,78,10,9,3,34
Yeong-Ho Benitez,ecb8d2f5-4ff5-4890-9693-5654e00055f6,CHST,bfd38797-8404-4b38-8b82-341da28b1f83,0.5,0.5,0.5,2,2,2,1,0,1,0,0,0,0,0,1,0,0,0,0,,1.0,1,0,0,0,0,0,0,0
Theo King,ee55248b-318a-4bfb-8894-1cc70e4e0720,LVRS,b72f3061-f573-40d7-832a-5ad475bd7909,0.071,0.15,0.207,99,354,323,23,30,17,2,0,0,4,18,234,1,0,76,6,0.079,0.357,67,0,41,18,0,0,1,16
Fitzgerald Massey,ef32eb48-4866-49d0-ae58-9c4982e01142,CHST,bfd38797-8404-4b38-8b82-341da28b1f83,0.0,0.0,0.0,1,1,1,0,0,0,0,0,0,0,0,0,0,0,1,0,0.0,0.0,0,0,1,0,0,0,0,0
Collins Melon,ef9f8b95-9e73-49cd-be54-60f84858a285,JAZZ,a37f9158-7f82-46bc-908c-c9e2dda7c33b,0.209,0.268,0.498,99,440,402,84,34,42,15,14,0,13,41,121,4,0,72,17,0.236,0.766,200,0,134,34,5,27,0,58
Aldon Cashmoney,efafe75e-2f00-4418-914c-9b6675d39264,TGRS,747b8e4a-7e50-4638-a973-ea7950a3e739,0.323,0.389,0.917,99,501,446,144,51,47,21,35,0,41,105,55,4,0,76,31,0.408,1.306,409,0,144,68,2,61,0,111
Hahn Fox,f0bcf4bb-74b3-412e-a54c-04c12ad28ecb,HELL,f02aeae2-5e6a-4098-9842-02d2273f25c7,0.28,0.314,0.667,99,548,517,145,27,64,22,26,0,33,76,99,4,0,89,24,0.27,0.981,345,0,199,52,5,18,5,102
Usurper Violet,f245f6c6-4613-40f5-bc3b-85aa9ee3cf7e,TGRS,747b8e4a-7e50-4638-a973-ea7950a3e739,0.274,0.304,0.492,99,495,449,123,27,76,35,0,0,12,79,87,18,0,112,36,0.321,0.796,221,0,176,40,3,9,2,51
Alaynabella Hollywood,f2468055-e880-40bf-8ac6-a0763d846eb2,BOS,3f8bbb15-61c0-4e3f-8e4a-907a5fb1565e,0.174,0.202,0.331,99,326,311,54,12,30,16,3,0,5,25,96,3,0,62,9,0.145,0.533,103,0,92,56,0,1,0,27
Andrew Solis,f38c5d80-093f-46eb-99d6-942aa45cd921,NYM,36569151-a2fb-43c1-9df7-2df512424c82,0.268,0.295,0.528,99,376,358,96,15,52,24,6,0,14,49,40,3,0,65,24,0.369,0.823,189,0,103,102,1,14,1,41
Theodore Duende,f3ddfd87-73a2-4681-96fe-829476c97886,SEA,105bc3ff-1320-4e37-8ef0-8d595cb95dd0,0.258,0.305,0.559,99,370,345,89,24,56,8,3,0,22,49,62,1,0,55,12,0.218,0.864,193,0,93,81,3,5,1,57
Atlas Jonbois,f44a8b27-85c1-44de-b129-1b0f60bcb99c,CHST,bfd38797-8404-4b38-8b82-341da28b1f83,0.0,0.0,0.0,2,2,2,0,0,0,0,0,0,0,0,1,0,0,1,0,0.0,0.0,0,0,1,0,0,0,0,0
Fran Beans,f4ca437c-c31c-4508-afe7-6dae4330d717,CDMX,57ec08cc-0411-4643-b304-0e80dbc15ac7,0.209,0.235,0.41,99,362,349,73,12,46,11,1,0,15,31,92,1,0,59,12,0.203,0.645,143,0,103,67,0,2,3,31
Malik Romayne,f56657d3-3bdc-4840-a20c-91aca9cc360e,SPY,9debc64f-74b7-4ae1-a4d6-fce0144b6ea5,0.178,0.233,0.38,99,450,416,74,31,46,10,11,0,7,38,127,3,0,84,16,0.19,0.613,158,0,136,67,0,15,3,38
Thomas Kirby,f73009c5-2ede-4dc4-b96d-84ba93c8a429,CHST,bfd38797-8404-4b38-8b82-341da28b1f83,0.0,0.0,0.0,1,1,1,0,0,0,0,0,0,0,0,1,0,0,0,0,,0.0,0,0,0,0,0,0,0,0
Blood Hamburger,f7847de2-df43-4236-8dbe-ae403f5f3ab3,CHST,bfd38797-8404-4b38-8b82-341da28b1f83,0.147,0.217,0.369,99,341,312,46,28,26,6,7,0,7,26,92,1,0,58,9,0.155,0.586,115,0,95,63,2,5,0,29
Matteo Prestige,f9c0d3cb-d8be-4f53-94c9-fc53bcbce520,CHST,bfd38797-8404-4b38-8b82-341da28b1f83,0.0,0.0,0.0,1,1,1,0,0,0,0,0,0,0,0,0,0,0,1,0,0.0,0.0,0,0,1,0,0,0,0,0
Howell Franklin,fa477c92-39b6-4a52-b065-40af2f29840a,CHST,bfd38797-8404-4b38-8b82-341da28b1f83,0.25,0.296,0.597,99,365,340,85,23,35,25,5,0,20,45,59,2,0,59,15,0.254,0.893,203,0,74,110,3,1,0,46
Jode Preston,fcbe1d14-04c4-4331-97ad-46e170610633,PIES,23e4cbc1-e9cd-47fa-a35b-bfa06f726cb7,0.309,0.358,0.719,99,495,459,142,35,70,25,13,0,34,92,52,1,0,109,39,0.358,1.077,330,0,186,56,0,6,1,88
